Shipment_ID,Date,Origin,Destination,Transport_Mode,Distance_km,Shipment_Volume_kg,Delivery_Time_hr,Transportation_Cost_INR,Fuel_Cost_INR,Delay_Hours,Delivery_Status,Customer_Rating
SHP10001,2026-01-01 00:00:00.000000000,Mumbai,Bengaluru,Road,555.8,129.3,57.5,1609.07,409.89,2.6,On Time,4.65
SHP10002,2026-01-01 08:39:26.332665330,Pune,Kolkata,Road,359.2,67.7,29.5,1011.58,242.1,0.0,On Time,5.0
SHP10003,2026-01-01 17:18:52.665330661,Chennai,Kolkata,Road,503.7,103.4,46.9,1612.38,353.77,2.0,Delayed,5.0
SHP10004,2026-01-02 01:58:18.997995991,Pune,Delhi,Road,464.1,237.2,48.2,1993.01,414.2,0.0,On Time,5.0
SHP10005,2026-01-02 10:37:45.330661322,Pune,Chennai,Road,645.3,162.1,45.1,1944.1,638.68,2.0,On Time,4.03
SHP10006,2026-01-02 19:17:11.663326653,Bengaluru,Chennai,Road,1339.5,19.0,92.7,3093.84,894.79,11.3,Delayed,3.97
SHP10007,2026-01-03 03:56:37.995991983,Chennai,Kolkata,Road,520.3,57.1,49.0,1214.52,491.02,12.5,Delayed,4.95
SHP10008,2026-01-03 12:36:04.328657314,Chennai,Delhi,Rail,1027.7,86.2,105.0,2069.14,808.31,8.2,Delayed,4.26
SHP10009,2026-01-03 21:15:30.661322645,Chennai,Pune,Road,632.5,98.8,52.5,1986.93,532.21,8.7,Delayed,4.69
SHP10010,2026-01-04 05:54:56.993987975,Pune,Chennai,Road,502.4,104.8,33.6,1456.46,513.23,0.5,Delayed,5.0
SHP10011,2026-01-04 14:34:23.326653306,Mumbai,Pune,Road,348.0,124.2,43.3,1142.69,272.43,1.2,On Time,4.98
SHP10012,2026-01-04 23:13:49.659318637,Chennai,Chennai,Air,504.5,88.1,13.5,2701.77,421.85,16.6,Delayed,3.38
SHP10013,2026-01-05 07:53:15.991983967,Delhi,Chennai,Road,487.5,95.2,36.3,1265.59,319.53,3.5,On Time,3.87
SHP10014,2026-01-05 16:32:42.324649298,Pune,Mumbai,Road,298.7,167.3,29.0,1190.87,203.87,20.2,Delayed,3.63
SHP10015,2026-01-06 01:12:08.657314629,Bengaluru,Chennai,Air,325.3,112.9,24.1,1939.45,245.1,2.3,On Time,4.53
SHP10016,2026-01-06 09:51:34.989979959,Mumbai,Bengaluru,Rail,558.4,41.5,58.4,1015.05,369.18,4.0,On Time,4.74
SHP10017,2026-01-06 18:31:01.322645290,Delhi,Delhi,Rail,1021.9,100.9,95.8,2123.82,922.36,21.9,Delayed,2.81
SHP10018,2026-01-07 03:10:27.655310621,Delhi,Delhi,Road,435.2,86.3,38.2,1372.11,357.14,17.0,Delayed,3.54
SHP10019,2026-01-07 11:49:53.987975951,Bengaluru,Pune,Road,189.0,23.3,17.6,559.24,164.31,8.1,Delayed,4.37
SHP10020,2026-01-07 20:29:20.320641282,Mumbai,Chennai,Rail,123.8,104.2,19.8,600.92,89.13,1.3,On Time,4.99
SHP10021,2026-01-08 05:08:46.653306613,Pune,Bengaluru,Air,245.4,45.3,4.0,1245.86,188.54,3.6,On Time,4.32
SHP10022,2026-01-08 13:48:12.985971943,Hyderabad,Pune,Road,667.1,168.8,49.8,2175.71,610.71,9.0,Delayed,4.7
SHP10023,2026-01-08 22:27:39.318637274,Mumbai,Mumbai,Road,209.3,123.1,21.6,913.01,216.88,10.4,Delayed,3.96
SHP10024,2026-01-09 07:07:05.651302605,Bengaluru,Pune,Road,726.5,39.9,46.3,1808.9,486.88,5.3,On Time,3.99
SHP10025,2026-01-09 15:46:31.983967935,Delhi,Pune,Rail,646.9,164.1,64.2,1684.09,650.87,8.3,Delayed,4.3
SHP10026,2026-01-10 00:25:58.316633266,Pune,Chennai,Road,426.9,212.0,34.5,1709.15,376.01,18.6,Delayed,3.52
SHP10027,2026-01-10 09:05:24.649298597,Mumbai,Mumbai,Road,300.1,79.5,37.9,871.68,262.8,9.5,Delayed,4.3
SHP10028,2026-01-10 17:44:50.981963927,Hyderabad,Pune,Road,393.0,86.0,43.0,1200.47,334.1,9.9,Delayed,4.69
SHP10029,2026-01-11 02:24:17.314629258,Hyderabad,Bengaluru,Road,550.7,154.4,40.4,1691.29,373.27,0.0,On Time,4.92
SHP10030,2026-01-11 11:03:43.647294589,Chennai,Bengaluru,Road,213.0,202.4,20.1,1074.28,146.13,0.0,On Time,4.96
SHP10031,2026-01-11 19:43:09.979959919,Chennai,Delhi,Road,964.6,27.6,70.0,2352.45,,15.8,Delayed,3.35
SHP10032,2026-01-12 04:22:36.312625250,Bengaluru,Mumbai,Road,547.9,43.2,38.9,1419.1,430.88,5.4,On Time,4.85
SHP10033,2026-01-12 13:02:02.645290581,Mumbai,Mumbai,Road,583.2,71.2,46.2,1701.31,593.01,4.1,Delayed,4.73
SHP10034,2026-01-12 21:41:28.977955911,Mumbai,Delhi,Road,644.3,76.4,43.8,1696.39,523.61,9.2,Delayed,4.12
SHP10035,2026-01-13 06:20:55.310621242,Delhi,Pune,Road,912.8,151.6,60.6,2623.15,645.65,14.1,Delayed,3.21
SHP10036,2026-01-13 15:00:21.643286573,Delhi,Mumbai,Road,505.2,203.1,45.5,1941.68,472.82,13.3,Delayed,4.44
SHP10037,2026-01-13 23:39:47.975951903,Delhi,Bengaluru,Road,667.3,212.3,56.8,2301.45,512.03,7.1,On Time,4.0
SHP10038,2026-01-14 08:19:14.308617234,Chennai,Bengaluru,Road,303.0,27.2,19.5,709.79,260.63,0.4,On Time,4.76
SHP10039,2026-01-14 16:58:40.641282565,Mumbai,Chennai,Road,1139.7,53.6,89.1,2852.44,1058.95,24.6,Delayed,3.16
SHP10040,2026-01-15 01:38:06.973947895,Mumbai,Mumbai,Road,486.1,62.6,33.7,1399.62,491.06,6.8,On Time,4.04
SHP10041,2026-01-15 10:17:33.306613226,Hyderabad,Pune,Road,302.1,53.4,27.2,894.16,292.12,11.1,Delayed,3.59
SHP10042,2026-01-15 18:56:59.639278557,Chennai,Delhi,Air,348.1,122.9,19.6,1830.24,320.42,0.7,On Time,4.2
SHP10043,2026-01-16 03:36:25.971943887,Pune,Delhi,Road,146.0,132.3,15.4,818.04,134.58,0.5,On Time,
SHP10044,2026-01-16 12:15:52.304609218,Chennai,Pune,Rail,346.8,94.4,38.1,1175.86,356.64,4.6,On Time,4.44
SHP10045,2026-01-16 20:55:18.637274549,Pune,Kolkata,Road,111.3,88.7,9.1,526.81,85.48,4.4,On Time,5.0
SHP10046,2026-01-17 05:34:44.969939879,Hyderabad,Chennai,Rail,694.6,73.2,63.1,1341.96,451.82,7.4,On Time,4.06
SHP10047,2026-01-17 14:14:11.302605210,Bengaluru,Delhi,Rail,573.3,79.1,52.7,1291.91,435.02,2.1,On Time,4.51
SHP10048,2026-01-17 22:53:37.635270541,Mumbai,Mumbai,Road,253.7,235.6,19.1,1428.69,187.01,0.0,On Time,4.8
SHP10049,2026-01-18 07:33:03.967935871,Hyderabad,Chennai,Road,439.8,144.5,34.7,1645.58,402.29,3.5,On Time,4.8
SHP10050,2026-01-18 16:12:30.300601202,Mumbai,Mumbai,Road,451.1,75.1,25.0,1181.85,407.53,14.3,Delayed,3.69
SHP10051,2026-01-19 00:51:56.633266533,Delhi,Bengaluru,Road,225.6,87.6,17.1,900.81,200.15,2.2,On Time,5.0
SHP10052,2026-01-19 09:31:22.965931863,Bengaluru,Chennai,Air,397.7,124.6,13.1,2296.79,261.09,2.3,Delayed,4.48
SHP10053,2026-01-19 18:10:49.298597194,Bengaluru,Delhi,Rail,459.0,39.9,42.0,937.65,432.15,10.9,Delayed,3.64
SHP10054,2026-01-20 02:50:15.631262525,Hyderabad,Chennai,Air,391.6,103.1,13.0,2185.58,305.24,0.0,On Time,4.37
SHP10055,2026-01-20 11:29:41.963927855,Bengaluru,Chennai,Road,302.0,139.7,26.0,1292.46,276.6,0.0,On Time,4.22
SHP10056,2026-01-20 20:09:08.296593186,Pune,Chennai,Rail,248.3,128.7,30.3,971.19,216.72,2.9,On Time,4.59
SHP10057,2026-01-21 04:48:34.629258517,Bengaluru,Kolkata,Air,383.9,54.3,20.0,1832.19,302.16,0.6,On Time,4.85
SHP10058,2026-01-21 13:28:00.961923847,Mumbai,Chennai,Road,322.9,61.3,22.4,1022.0,227.27,1.8,On Time,4.63
SHP10059,2026-01-21 22:07:27.294589178,Mumbai,Mumbai,Road,620.7,21.6,38.4,1460.01,426.9,6.6,On Time,4.91
SHP10060,2026-01-22 06:46:53.627254509,Mumbai,Bengaluru,Rail,944.3,148.9,79.5,2212.94,927.88,14.5,Delayed,4.27
SHP10061,2026-01-22 15:26:19.959919839,Mumbai,Pune,Road,746.2,296.9,55.5,2804.74,759.18,8.9,Delayed,4.17
SHP10062,2026-01-23 00:05:46.292585170,Pune,Chennai,Rail,467.6,49.2,42.2,979.53,425.52,6.1,On Time,3.88
SHP10063,2026-01-23 08:45:12.625250501,Chennai,Delhi,Road,308.5,181.5,22.0,1445.96,213.25,17.0,Delayed,3.44
SHP10064,2026-01-23 17:24:38.957915831,Delhi,Chennai,Rail,735.1,281.1,61.4,2242.52,595.99,1.6,On Time,4.66
SHP10065,2026-01-24 02:04:05.290581162,Hyderabad,Delhi,Road,641.8,68.5,45.7,1622.86,604.26,8.1,Delayed,4.12
SHP10066,2026-01-24 10:43:31.623246493,Mumbai,Mumbai,Road,907.6,87.7,68.6,2388.27,873.08,9.8,Delayed,3.97
SHP10067,2026-01-24 19:22:57.955911823,Bengaluru,Delhi,Road,505.5,110.6,44.2,1539.31,352.49,2.8,On Time,
SHP10068,2026-01-25 04:02:24.288577154,Mumbai,Pune,Rail,1106.3,126.2,96.5,2409.22,719.1,8.0,On Time,4.23
SHP10069,2026-01-25 12:41:50.621242485,Bengaluru,Bengaluru,Rail,505.6,114.4,45.9,1354.2,472.66,0.6,On Time,4.73
SHP10070,2026-01-25 21:21:16.953907815,Delhi,Delhi,Road,307.6,72.1,19.5,868.03,243.83,9.5,Delayed,4.32
SHP10071,2026-01-26 06:00:43.286573146,Delhi,Delhi,Road,340.3,138.3,28.8,1502.75,255.84,24.1,Delayed,3.2
SHP10072,2026-01-26 14:40:09.619238476,Delhi,Bengaluru,Rail,604.4,73.3,50.8,1291.75,395.95,0.0,On Time,4.68
SHP10073,2026-01-26 23:19:35.951903807,Bengaluru,Pune,Road,322.4,119.4,31.6,1287.95,279.25,5.5,On Time,5.0
SHP10074,2026-01-27 07:59:02.284569138,Mumbai,Chennai,Rail,1102.0,92.2,87.1,2276.48,1091.49,15.4,Delayed,3.42
SHP10075,2026-01-27 16:38:28.617234469,Delhi,Delhi,Road,576.7,25.3,41.3,1504.0,595.78,10.6,Delayed,3.58
SHP10076,2026-01-28 01:17:54.949899799,Pune,Bengaluru,Road,461.9,197.9,40.3,1842.19,404.78,8.7,Delayed,4.44
SHP10077,2026-01-28 09:57:21.282565130,Bengaluru,Mumbai,Road,483.9,62.4,39.3,1453.18,414.14,15.8,Delayed,3.45
SHP10078,2026-01-28 18:36:47.615230461,Bengaluru,Bengaluru,Road,389.3,210.0,52.2,1712.55,266.29,0.0,On Time,5.0
SHP10079,2026-01-29 03:16:13.947895791,Mumbai,Mumbai,Rail,165.7,177.1,22.9,996.14,144.11,0.0,On Time,4.16
SHP10080,2026-01-29 11:55:40.280561122,Bengaluru,Pune,Road,340.5,108.5,21.7,1124.66,273.04,3.2,On Time,5.0
SHP10081,2026-01-29 20:35:06.613226453,Bengaluru,Chennai,Road,1026.0,130.3,75.3,2771.5,916.09,18.0,Delayed,3.8
SHP10082,2026-01-30 05:14:32.945891783,Delhi,Bengaluru,Rail,513.2,140.2,37.3,1407.72,413.34,0.0,On Time,4.47
SHP10083,2026-01-30 13:53:59.278557114,Mumbai,Kolkata,Road,794.1,82.4,58.9,2177.35,592.47,0.0,On Time,4.48
SHP10084,2026-01-30 22:33:25.611222445,Delhi,Delhi,Road,806.8,85.0,54.6,2083.15,555.04,18.7,Delayed,4.09
SHP10085,2026-01-31 07:12:51.943887775,Delhi,Pune,Air,442.1,136.0,22.7,2603.84,343.07,5.7,On Time,4.29
SHP10086,2026-01-31 15:52:18.276553106,Mumbai,Bengaluru,Road,647.6,92.9,45.7,1921.59,445.99,0.0,On Time,4.71
SHP10087,2026-02-01 00:31:44.609218437,Hyderabad,Delhi,Road,175.0,72.3,16.1,555.62,126.15,1.9,On Time,4.05
SHP10088,2026-02-01 09:11:10.941883767,Delhi,Bengaluru,Air,979.8,54.9,23.8,4679.95,1023.85,0.0,On Time,4.88
SHP10089,2026-02-01 17:50:37.274549098,Pune,Mumbai,Road,935.6,121.6,81.8,2553.74,774.33,13.3,Delayed,3.86
SHP10090,2026-02-02 02:30:03.607214429,Pune,Bengaluru,Road,595.0,61.1,43.3,1614.23,513.37,2.4,On Time,5.0
SHP10091,2026-02-02 11:09:29.939879759,Bengaluru,Kolkata,Road,523.6,159.0,54.7,1734.29,523.32,11.7,Delayed,3.58
SHP10092,2026-02-02 19:48:56.272545090,Pune,Bengaluru,Rail,445.4,167.3,50.0,1525.54,466.91,0.0,On Time,4.47
SHP10093,2026-02-03 04:28:22.605210420,Bengaluru,Bengaluru,Road,845.5,129.7,67.0,2448.45,746.61,9.6,Delayed,4.39
SHP10094,2026-02-03 13:07:48.937875751,Hyderabad,Kolkata,Road,689.6,146.9,55.7,2132.62,672.31,0.0,On Time,5.0
SHP10095,2026-02-03 21:47:15.270541082,Mumbai,Pune,Rail,365.9,129.9,39.7,937.9,285.67,2.2,On Time,4.27
SHP10096,2026-02-04 06:26:41.603206412,Mumbai,Bengaluru,Rail,231.0,153.4,12.2,800.52,178.38,0.2,On Time,5.0
SHP10097,2026-02-04 15:06:07.935871743,Mumbai,Kolkata,Road,207.5,149.4,18.1,1024.99,168.29,12.7,Delayed,4.0
SHP10098,2026-02-04 23:45:34.268537074,Pune,Delhi,Road,840.5,117.5,69.0,2149.36,772.41,0.0,On Time,5.0
SHP10099,2026-02-05 08:25:00.601202404,Hyderabad,Mumbai,Road,440.0,178.5,36.1,1748.0,406.06,4.5,On Time,4.61
SHP10100,2026-02-05 17:04:26.933867735,Pune,Mumbai,Rail,589.6,84.4,45.8,1288.65,457.59,7.9,Delayed,3.48
SHP10101,2026-02-06 01:43:53.266533066,Pune,Bengaluru,Road,472.2,56.0,36.7,1581.09,332.12,18.3,Delayed,3.48
SHP10102,2026-02-06 10:23:19.599198396,Hyderabad,Pune,Road,209.0,54.1,30.9,904.11,188.7,4.1,On Time,5.0
SHP10103,2026-02-06 19:02:45.931863727,Hyderabad,Pune,Rail,177.1,76.5,28.9,547.93,124.2,6.3,Delayed,4.19
SHP10104,2026-02-07 03:42:12.264529058,Hyderabad,Delhi,Rail,351.9,23.1,34.0,685.36,310.12,0.0,On Time,4.86
SHP10105,2026-02-07 12:21:38.597194388,Hyderabad,Bengaluru,Road,368.9,107.8,37.3,1334.37,342.09,0.0,On Time,4.94
SHP10106,2026-02-07 21:01:04.929859719,Mumbai,Mumbai,Rail,368.7,141.4,34.8,1316.27,343.02,9.9,Delayed,3.19
SHP10107,2026-02-08 05:40:31.262525050,Chennai,Pune,Road,374.8,165.8,19.8,1291.08,356.6,6.7,On Time,5.0
SHP10108,2026-02-08 14:19:57.595190380,Chennai,Bengaluru,Rail,1289.7,28.9,108.4,2230.55,1288.6,13.3,Delayed,3.62
SHP10109,2026-02-08 22:59:23.927855711,Hyderabad,Pune,Road,787.4,55.3,69.6,1940.28,669.25,0.0,On Time,5.0
SHP10110,2026-02-09 07:38:50.260521042,Chennai,Kolkata,Road,517.3,156.0,39.5,1809.44,487.32,11.5,Delayed,4.05
SHP10111,2026-02-09 16:18:16.593186372,Chennai,Pune,Rail,433.8,82.6,40.5,1099.85,389.39,17.1,Delayed,4.07
SHP10112,2026-02-10 00:57:42.925851703,Hyderabad,Mumbai,Road,442.5,139.4,34.0,1592.12,320.62,11.1,Delayed,4.26
SHP10113,2026-02-10 09:37:09.258517034,Chennai,Chennai,Road,675.6,38.5,64.1,1522.22,446.09,9.2,Delayed,4.18
SHP10114,2026-02-10 18:16:35.591182364,Pune,Delhi,Rail,431.5,208.5,55.0,1234.85,329.59,4.1,On Time,4.36
SHP10115,2026-02-11 02:56:01.923847695,Bengaluru,Delhi,Rail,743.1,36.5,83.7,1498.67,614.67,0.0,On Time,5.0
SHP10116,2026-02-11 11:35:28.256513026,Bengaluru,Mumbai,Road,549.1,105.8,41.9,1558.0,492.42,18.1,Delayed,2.9
SHP10117,2026-02-11 20:14:54.589178356,Hyderabad,Pune,Rail,1296.3,107.6,118.5,2490.48,1283.33,0.3,On Time,5.0
SHP10118,2026-02-12 04:54:20.921843687,Mumbai,Bengaluru,Road,417.0,67.3,22.8,1190.3,303.81,8.1,Delayed,3.97
SHP10119,2026-02-12 13:33:47.254509018,Hyderabad,Pune,Road,818.8,126.8,72.1,2361.37,573.31,2.2,On Time,5.0
SHP10120,2026-02-12 22:13:13.587174348,Mumbai,Mumbai,Road,242.6,129.1,14.1,1012.59,251.16,0.0,On Time,5.0
SHP10121,2026-02-13 06:52:39.919839679,Bengaluru,Delhi,Road,312.8,120.5,28.5,1077.51,216.85,17.0,Delayed,3.86
SHP10122,2026-02-13 15:32:06.252505010,Hyderabad,Pune,Air,1199.6,66.4,25.9,5728.2,1009.35,1.8,On Time,4.89
SHP10123,2026-02-14 00:11:32.585170340,Delhi,Delhi,Road,725.6,58.1,50.4,1842.16,641.61,17.3,Delayed,3.0
SHP10124,2026-02-14 08:50:58.917835671,Pune,Bengaluru,Road,595.6,71.3,39.9,1486.4,516.09,3.5,On Time,4.42
SHP10125,2026-02-14 17:30:25.250501002,Chennai,Delhi,Road,1484.9,52.9,102.2,3439.17,1016.28,0.0,On Time,5.0
SHP10126,2026-02-15 02:09:51.583166332,Mumbai,Delhi,Air,437.3,183.5,13.0,2677.67,294.21,10.2,Delayed,4.24
SHP10127,2026-02-15 10:49:17.915831663,Delhi,Chennai,Road,817.7,75.4,57.2,2129.54,565.99,11.4,Delayed,4.5
SHP10128,2026-02-15 19:28:44.248496994,Chennai,Chennai,Road,851.5,103.9,69.5,2346.92,752.89,22.0,Delayed,3.38
SHP10129,2026-02-16 04:08:10.581162324,Chennai,Kolkata,Road,1055.0,155.6,70.6,2875.53,915.44,14.3,Delayed,3.52
SHP10130,2026-02-16 12:47:36.913827655,Hyderabad,Chennai,Road,227.2,51.2,21.8,674.53,168.94,0.0,On Time,4.72
SHP10131,2026-02-16 21:27:03.246492986,Chennai,Delhi,Road,435.6,35.5,42.8,915.68,394.31,8.2,Delayed,4.38
SHP10132,2026-02-17 06:06:29.579158316,Pune,Mumbai,Rail,543.7,53.0,47.7,1172.53,531.78,19.4,Delayed,2.64
SHP10133,2026-02-17 14:45:55.911823647,Delhi,Delhi,Air,1045.3,111.2,25.5,5270.79,696.83,13.0,Delayed,4.55
SHP10134,2026-02-17 23:25:22.244488978,Chennai,Mumbai,Road,582.1,106.5,43.6,1562.54,494.38,4.7,On Time,4.78
SHP10135,2026-02-18 08:04:48.577154308,Hyderabad,Mumbai,Rail,852.5,120.4,86.8,1866.48,789.17,12.4,Delayed,4.44
SHP10136,2026-02-18 16:44:14.909819639,Pune,Chennai,Air,216.2,87.8,11.6,1326.64,162.33,5.5,On Time,4.01
SHP10137,2026-02-19 01:23:41.242484970,Bengaluru,Pune,Rail,380.2,15.6,33.1,830.16,293.93,5.5,On Time,5.0
SHP10138,2026-02-19 10:03:07.575150300,Delhi,Bengaluru,Road,933.6,86.0,72.5,2416.05,836.01,5.7,On Time,5.0
SHP10139,2026-02-19 18:42:33.907815631,Chennai,Chennai,Road,409.0,168.4,26.4,1482.72,412.74,6.7,On Time,4.0
SHP10140,2026-02-20 03:22:00.240480962,Hyderabad,Chennai,Road,456.0,195.2,42.5,1553.94,444.17,15.2,Delayed,4.06
SHP10141,2026-02-20 12:01:26.573146292,Bengaluru,Pune,Road,1036.0,99.6,79.1,2750.99,915.01,6.9,On Time,4.45
SHP10142,2026-02-20 20:40:52.905811623,Bengaluru,Bengaluru,Rail,273.1,106.7,26.6,1060.98,257.24,14.0,Delayed,
SHP10143,2026-02-21 05:20:19.238476953,Mumbai,Delhi,Air,309.9,137.8,7.3,1929.25,246.69,3.4,On Time,4.9
SHP10144,2026-02-21 13:59:45.571142284,Pune,Kolkata,Air,203.9,191.9,5.1,1610.93,184.83,0.0,On Time,5.0
SHP10145,2026-02-21 22:39:11.903807615,Chennai,Kolkata,Road,1059.2,94.0,81.6,2789.82,885.99,13.3,Delayed,3.73
SHP10146,2026-02-22 07:18:38.236472946,Hyderabad,Delhi,Road,779.3,136.7,67.7,2233.7,565.73,6.0,On Time,4.93
SHP10147,2026-02-22 15:58:04.569138276,Mumbai,Chennai,Air,768.3,64.5,18.8,3698.24,715.02,9.3,Delayed,3.67
SHP10148,2026-02-23 00:37:30.901803607,Pune,Bengaluru,Rail,374.1,39.1,39.8,872.1,326.45,2.0,On Time,4.32
SHP10149,2026-02-23 09:16:57.234468938,Mumbai,Chennai,Road,195.8,69.1,4.0,710.49,155.39,7.9,On Time,4.42
SHP10150,2026-02-23 17:56:23.567134268,Delhi,Mumbai,Air,168.0,218.7,6.7,1549.25,170.45,7.5,On Time,4.41
SHP10151,2026-02-24 02:35:49.899799599,Pune,Chennai,Rail,937.5,138.4,85.9,1952.7,617.21,15.7,Delayed,3.49
SHP10152,2026-02-24 11:15:16.232464930,Pune,Chennai,Road,617.8,41.6,40.5,1679.61,479.63,0.0,On Time,5.0
SHP10153,2026-02-24 19:54:42.565130260,Chennai,Delhi,Road,685.0,142.3,46.2,2095.86,460.82,0.4,On Time,5.0
SHP10154,2026-02-25 04:34:08.897795591,Pune,Delhi,Road,529.6,43.8,36.2,1334.66,506.63,14.5,Delayed,4.14
SHP10155,2026-02-25 13:13:35.230460922,Mumbai,Delhi,Road,289.0,119.3,27.4,1190.05,269.03,5.6,On Time,4.51
SHP10156,2026-02-25 21:53:01.563126252,Pune,Kolkata,Road,384.0,49.9,29.6,997.88,300.49,1.5,On Time,5.0
SHP10157,2026-02-26 06:32:27.895791583,Chennai,Mumbai,Rail,250.3,40.0,10.3,503.07,230.38,0.0,On Time,4.84
SHP10158,2026-02-26 15:11:54.228456914,Chennai,Delhi,Road,233.3,240.9,8.2,1299.64,188.57,0.1,On Time,5.0
SHP10159,2026-02-26 23:51:20.561122244,Delhi,Bengaluru,Road,743.8,75.4,51.7,1822.31,708.49,0.0,On Time,4.72
SHP10160,2026-02-27 08:30:46.893787575,Mumbai,Kolkata,Road,175.6,136.8,21.0,928.38,146.07,4.1,On Time,5.0
SHP10161,2026-02-27 17:10:13.226452906,Bengaluru,Pune,Road,251.3,96.5,4.0,729.02,204.77,0.9,On Time,4.94
SHP10162,2026-02-28 01:49:39.559118236,Bengaluru,Bengaluru,Air,396.8,46.2,10.6,1887.59,406.33,0.0,On Time,4.52
SHP10163,2026-02-28 10:29:05.891783567,Pune,Bengaluru,Road,479.9,80.7,34.2,1160.86,360.12,7.5,Delayed,4.88
SHP10164,2026-02-28 19:08:32.224448898,Delhi,Delhi,Road,202.6,46.5,28.2,608.77,141.43,7.5,On Time,4.45
SHP10165,2026-03-01 03:47:58.557114228,Hyderabad,Pune,Rail,578.0,300.0,54.6,2046.11,510.86,18.7,Delayed,3.81
SHP10166,2026-03-01 12:27:24.889779559,Pune,Pune,Road,513.0,152.1,43.8,1711.88,532.36,0.0,On Time,5.0
SHP10167,2026-03-01 21:06:51.222444890,Delhi,Kolkata,Road,928.4,95.4,69.8,2346.77,743.79,22.7,Delayed,3.3
SHP10168,2026-03-02 05:46:17.555110220,Mumbai,Pune,Road,484.6,132.3,24.0,1429.47,326.98,15.0,Delayed,3.59
SHP10169,2026-03-02 14:25:43.887775551,Mumbai,Mumbai,Road,611.0,146.1,53.1,1947.93,480.11,0.4,On Time,5.0
SHP10170,2026-03-02 23:05:10.220440882,Mumbai,Delhi,Road,298.3,146.3,27.8,1142.77,254.27,9.6,Delayed,4.23
SHP10171,2026-03-03 07:44:36.553106212,Mumbai,Pune,Road,305.5,142.5,30.3,1217.88,218.35,3.6,On Time,4.95
SHP10172,2026-03-03 16:24:02.885771543,Mumbai,Kolkata,Road,214.0,135.9,47.9,883.59,195.47,9.8,Delayed,3.46
SHP10173,2026-03-04 01:03:29.218436874,Delhi,Mumbai,Air,300.0,100.4,4.0,1769.56,314.69,14.6,Delayed,3.99
SHP10174,2026-03-04 09:42:55.551102204,Delhi,Chennai,Road,380.8,229.8,45.1,1806.76,316.31,8.3,Delayed,4.11
SHP10175,2026-03-04 18:22:21.883767535,Chennai,Chennai,Road,877.3,104.5,63.5,2422.25,694.72,15.6,Delayed,4.33
SHP10176,2026-03-05 03:01:48.216432866,Bengaluru,Mumbai,Road,275.0,97.2,26.1,926.85,222.83,2.2,On Time,5.0
SHP10177,2026-03-05 11:41:14.549098196,Mumbai,Kolkata,Road,1329.0,105.1,96.1,3375.32,925.04,5.5,On Time,4.64
SHP10178,2026-03-05 20:20:40.881763527,Hyderabad,Mumbai,Rail,641.3,109.9,57.4,1509.25,643.4,2.5,On Time,4.97
SHP10179,2026-03-06 05:00:07.214428858,Delhi,Delhi,Road,569.7,29.0,39.4,1404.38,464.82,14.7,Delayed,3.47
SHP10180,2026-03-06 13:39:33.547094188,Hyderabad,Delhi,Air,463.5,52.7,18.1,2275.18,373.04,0.0,On Time,5.0
SHP10181,2026-03-06 22:18:59.879759519,Hyderabad,Chennai,Road,415.2,87.8,23.0,1254.21,379.48,0.0,On Time,5.0
SHP10182,2026-03-07 06:58:26.212424849,Hyderabad,Pune,Road,325.6,28.1,31.9,864.82,269.2,8.9,Delayed,4.42
SHP10183,2026-03-07 15:37:52.545090180,Chennai,Kolkata,Road,198.2,95.3,15.9,693.67,180.23,1.9,On Time,5.0
SHP10184,2026-03-08 00:17:18.877755511,Delhi,Chennai,Air,280.4,109.0,4.2,1551.75,189.14,0.0,On Time,4.8
SHP10185,2026-03-08 08:56:45.210420841,Hyderabad,Pune,Road,1057.8,37.9,73.9,2470.49,1031.85,11.9,Delayed,3.77
SHP10186,2026-03-08 17:36:11.543086172,Mumbai,Pune,Road,619.5,61.5,56.0,1516.82,635.74,0.0,On Time,5.0
SHP10187,2026-03-09 02:15:37.875751503,Pune,Delhi,Road,1052.5,200.0,74.9,3018.33,957.25,1.2,On Time,5.0
SHP10188,2026-03-09 10:55:04.208416833,Hyderabad,Bengaluru,Rail,320.9,133.2,35.7,1059.95,331.08,8.9,Delayed,4.15
SHP10189,2026-03-09 19:34:30.541082164,Chennai,Bengaluru,Road,246.4,128.5,17.4,914.47,175.05,0.0,On Time,5.0
SHP10190,2026-03-10 04:13:56.873747495,Delhi,Mumbai,Rail,460.9,185.4,51.1,1499.62,387.59,0.0,On Time,5.0
SHP10191,2026-03-10 12:53:23.206412825,Chennai,Delhi,Road,286.2,53.4,29.1,851.88,254.94,1.3,On Time,4.55
SHP10192,2026-03-10 21:32:49.539078156,Hyderabad,Pune,Road,515.8,38.0,52.8,1127.11,455.32,11.7,Delayed,4.24
SHP10193,2026-03-11 06:12:15.871743487,Delhi,Kolkata,Road,177.2,170.5,17.1,1066.85,143.61,5.5,On Time,4.86
SHP10194,2026-03-11 14:51:42.204408817,Pune,Bengaluru,Road,137.8,89.4,19.2,707.59,108.23,0.8,On Time,5.0
SHP10195,2026-03-11 23:31:08.537074148,Hyderabad,Pune,Road,557.4,52.4,43.6,1335.61,390.61,8.1,Delayed,4.75
SHP10196,2026-03-12 08:10:34.869739479,Chennai,Bengaluru,Road,1074.4,28.9,87.1,2595.07,866.68,1.3,On Time,4.47
SHP10197,2026-03-12 16:50:01.202404809,Bengaluru,Bengaluru,Rail,571.3,105.9,49.3,1250.58,408.52,7.5,On Time,4.57
SHP10198,2026-03-13 01:29:27.535070140,Mumbai,Bengaluru,Road,616.0,82.8,52.5,1735.18,581.34,6.9,On Time,4.03
SHP10199,2026-03-13 10:08:53.867735471,Chennai,Kolkata,Road,472.0,73.9,35.9,1197.36,346.24,4.9,On Time,4.22
SHP10200,2026-03-13 18:48:20.200400801,Delhi,Delhi,Road,497.6,18.2,37.9,996.79,335.08,15.8,Delayed,3.51
SHP10201,2026-03-14 03:27:46.533066132,Hyderabad,Kolkata,Road,193.0,227.9,20.7,1204.35,168.08,0.0,Delayed,4.67
SHP10202,2026-03-14 12:07:12.865731463,Mumbai,Chennai,Road,292.3,33.3,26.2,779.76,259.58,13.5,Delayed,3.73
SHP10203,2026-03-14 20:46:39.198396793,Hyderabad,Pune,Road,872.3,78.6,64.0,2285.02,871.22,11.9,Delayed,3.97
SHP10204,2026-03-15 05:26:05.531062124,Delhi,Delhi,Road,376.0,70.3,32.2,995.44,331.16,4.5,On Time,4.93
SHP10205,2026-03-15 14:05:31.863727455,Hyderabad,Delhi,Rail,862.5,135.6,90.7,1914.62,679.8,6.7,On Time,4.35
SHP10206,2026-03-15 22:44:58.196392785,Bengaluru,Delhi,Air,489.9,29.1,23.0,2401.74,475.78,3.2,On Time,4.19
SHP10207,2026-03-16 07:24:24.529058116,Mumbai,Delhi,Road,503.9,125.7,46.2,1596.25,436.47,16.0,Delayed,4.12
SHP10208,2026-03-16 16:03:50.861723447,Mumbai,Kolkata,Road,377.6,106.2,28.0,1235.3,257.42,0.0,On Time,4.71
SHP10209,2026-03-17 00:43:17.194388777,Delhi,Delhi,Road,667.0,59.5,44.3,1679.81,584.49,0.6,On Time,4.93
SHP10210,2026-03-17 09:22:43.527054108,Bengaluru,Mumbai,Road,758.5,123.0,64.2,2333.74,768.56,13.4,Delayed,4.09
SHP10211,2026-03-17 18:02:09.859719439,Chennai,Pune,Road,283.4,95.2,30.8,862.58,229.16,2.6,On Time,4.86
SHP10212,2026-03-18 02:41:36.192384769,Hyderabad,Delhi,Road,202.9,260.9,31.5,1422.43,155.94,10.3,Delayed,4.56
SHP10213,2026-03-18 11:21:02.525050100,Pune,Pune,Rail,150.4,82.8,13.7,661.87,106.42,15.9,Delayed,3.9
SHP10214,2026-03-18 20:00:28.857715431,Hyderabad,Mumbai,Rail,599.5,47.9,54.4,1228.02,426.02,1.2,On Time,4.6
SHP10215,2026-03-19 04:39:55.190380761,Hyderabad,Mumbai,Road,561.9,126.5,32.6,1708.21,462.49,9.2,Delayed,5.0
SHP10216,2026-03-19 13:19:21.523046092,Chennai,Pune,Road,1500.0,76.2,105.1,3680.16,1332.41,0.0,On Time,5.0
SHP10217,2026-03-19 21:58:47.855711423,Hyderabad,Bengaluru,Road,473.6,94.0,44.6,1492.7,323.1,13.9,Delayed,3.84
SHP10218,2026-03-20 06:38:14.188376753,Bengaluru,Chennai,Rail,427.0,38.2,37.8,759.55,438.02,5.4,On Time,4.91
SHP10219,2026-03-20 15:17:40.521042084,Bengaluru,Bengaluru,Road,525.6,136.9,46.2,1608.47,500.37,9.2,Delayed,4.35
SHP10220,2026-03-20 23:57:06.853707415,Mumbai,Bengaluru,Road,541.6,68.3,40.7,1450.17,,2.3,On Time,4.95
SHP10221,2026-03-21 08:36:33.186372745,Delhi,Kolkata,Rail,408.5,111.4,42.7,1242.39,400.93,0.0,On Time,5.0
SHP10222,2026-03-21 17:15:59.519038076,Pune,Bengaluru,Road,288.7,300.0,19.5,1734.31,196.92,12.2,Delayed,3.93
SHP10223,2026-03-22 01:55:25.851703407,Hyderabad,Delhi,Rail,459.3,79.7,45.0,978.79,386.18,0.0,On Time,4.89
SHP10224,2026-03-22 10:34:52.184368737,Hyderabad,Kolkata,Road,449.6,148.6,15.8,1530.19,405.6,2.2,On Time,4.86
SHP10225,2026-03-22 19:14:18.517034068,Chennai,Kolkata,Road,445.6,83.3,34.3,1274.45,437.3,13.9,Delayed,4.26
SHP10226,2026-03-23 03:53:44.849699399,Delhi,Mumbai,Road,706.3,60.1,41.8,1789.94,680.41,7.4,On Time,3.88
SHP10227,2026-03-23 12:33:11.182364729,Bengaluru,Bengaluru,Rail,454.7,204.2,54.0,1588.55,345.94,17.6,Delayed,2.9
SHP10228,2026-03-23 21:12:37.515030060,Pune,Mumbai,Rail,205.3,23.6,27.3,314.74,210.74,11.2,Delayed,3.9
SHP10229,2026-03-24 05:52:03.847695391,Mumbai,Pune,Rail,315.5,172.4,36.5,1295.96,220.78,0.0,On Time,4.43
SHP10230,2026-03-24 14:31:30.180360721,Bengaluru,Chennai,Road,405.7,21.8,42.7,1112.37,405.71,8.1,Delayed,4.2
SHP10231,2026-03-24 23:10:56.513026052,Delhi,Kolkata,Rail,466.9,161.7,39.4,1516.96,484.77,3.7,On Time,4.88
SHP10232,2026-03-25 07:50:22.845691382,Mumbai,Pune,Road,606.6,94.9,59.0,1652.01,437.27,0.0,On Time,4.69
SHP10233,2026-03-25 16:29:49.178356713,Chennai,Pune,Road,468.9,47.9,43.3,1244.76,440.25,0.0,On Time,4.5
SHP10234,2026-03-26 01:09:15.511022044,Chennai,Delhi,Rail,139.2,71.4,15.2,339.43,92.73,0.1,On Time,5.0
SHP10235,2026-03-26 09:48:41.843687374,Hyderabad,Chennai,Road,218.6,143.7,28.7,949.59,177.51,0.0,On Time,5.0
SHP10236,2026-03-26 18:28:08.176352705,Delhi,Pune,Road,629.8,283.5,43.0,2490.2,539.46,5.7,On Time,3.95
SHP10237,2026-03-27 03:07:34.509018036,Pune,Pune,Road,399.5,29.9,26.0,1156.38,352.42,2.8,On Time,5.0
SHP10238,2026-03-27 11:47:00.841683366,Mumbai,Chennai,Road,491.8,50.0,34.1,1224.14,503.8,0.0,On Time,5.0
SHP10239,2026-03-27 20:26:27.174348697,Bengaluru,Chennai,Road,371.4,35.9,26.2,951.32,341.29,11.4,Delayed,4.42
SHP10240,2026-03-28 05:05:53.507014028,Delhi,Pune,Road,314.8,82.9,19.2,997.4,265.2,11.9,Delayed,4.47
SHP10241,2026-03-28 13:45:19.839679358,Delhi,Chennai,Road,379.1,164.4,40.6,1323.08,369.19,8.3,Delayed,5.0
SHP10242,2026-03-28 22:24:46.172344689,Chennai,Pune,Rail,495.1,32.6,45.0,1064.87,510.08,1.7,On Time,4.74
SHP10243,2026-03-29 07:04:12.505010020,Hyderabad,Pune,Rail,452.8,93.3,46.4,1010.43,298.31,8.1,Delayed,4.39
SHP10244,2026-03-29 15:43:38.837675350,Hyderabad,Delhi,Road,755.8,161.2,53.8,2332.04,788.29,12.8,Delayed,3.83
SHP10245,2026-03-30 00:23:05.170340681,Mumbai,Bengaluru,Road,184.9,70.7,4.8,616.27,126.54,8.8,Delayed,4.3
SHP10246,2026-03-30 09:02:31.503006012,Chennai,Pune,Road,198.6,106.8,20.8,759.91,193.74,0.0,On Time,5.0
SHP10247,2026-03-30 17:41:57.835671342,Delhi,Mumbai,Road,396.8,195.2,20.3,1581.94,302.43,6.6,On Time,4.0
SHP10248,2026-03-31 02:21:24.168336673,Pune,Kolkata,Road,610.4,43.9,45.9,1502.99,429.06,15.1,Delayed,3.49
SHP10249,2026-03-31 11:00:50.501002004,Chennai,Bengaluru,Road,685.1,25.2,41.7,1619.28,565.81,4.5,On Time,5.0
SHP10250,2026-03-31 19:40:16.833667334,Mumbai,Bengaluru,Road,321.9,115.2,41.4,1076.43,292.13,20.2,Delayed,3.74
SHP10251,2026-04-01 04:19:43.166332665,Mumbai,Bengaluru,Road,103.7,117.2,19.0,678.74,83.18,4.7,On Time,4.5
SHP10252,2026-04-01 12:59:09.498997996,Chennai,Delhi,Road,327.8,67.5,28.1,1134.16,220.22,8.0,Delayed,4.66
SHP10253,2026-04-01 21:38:35.831663326,Mumbai,Pune,Road,562.9,58.9,52.2,1521.28,500.84,0.5,On Time,5.0
SHP10254,2026-04-02 06:18:02.164328657,Chennai,Delhi,Air,448.1,96.1,10.0,2521.18,452.96,5.6,On Time,5.0
SHP10255,2026-04-02 14:57:28.496993988,Bengaluru,Pune,Rail,622.9,43.3,61.7,1084.76,500.4,0.0,On Time,5.0
SHP10256,2026-04-02 23:36:54.829659318,Chennai,Delhi,Road,855.5,43.4,64.6,2099.06,630.09,12.2,Delayed,4.38
SHP10257,2026-04-03 08:16:21.162324649,Chennai,Delhi,Rail,412.5,143.1,43.0,1104.37,341.12,0.0,On Time,5.0
SHP10258,2026-04-03 16:55:47.494989980,Mumbai,Kolkata,Road,348.7,41.3,37.3,775.96,233.39,6.8,On Time,4.67
SHP10259,2026-04-04 01:35:13.827655310,Mumbai,Mumbai,Rail,266.8,26.3,32.3,493.66,260.99,11.0,Delayed,4.14
SHP10260,2026-04-04 10:14:40.160320641,Hyderabad,Delhi,Rail,198.0,58.8,23.7,678.15,194.1,8.5,Delayed,4.57
SHP10261,2026-04-04 18:54:06.492985972,Hyderabad,Kolkata,Road,171.2,68.6,5.0,730.4,151.54,0.0,On Time,4.87
SHP10262,2026-04-05 03:33:32.825651302,Bengaluru,Chennai,Road,304.3,125.7,19.7,1157.31,240.8,20.3,Delayed,4.21
SHP10263,2026-04-05 12:12:59.158316633,Hyderabad,Mumbai,Road,791.2,62.4,58.2,1915.96,767.39,8.5,Delayed,4.38
SHP10264,2026-04-05 20:52:25.490981964,Chennai,Delhi,Road,656.4,215.3,52.4,2247.15,572.34,1.3,On Time,4.8
SHP10265,2026-04-06 05:31:51.823647294,Mumbai,Bengaluru,Road,339.5,99.4,20.6,1173.38,332.83,9.2,Delayed,3.97
SHP10266,2026-04-06 14:11:18.156312625,Hyderabad,Chennai,Road,1336.0,53.5,113.2,3298.8,,15.5,Delayed,4.14
SHP10267,2026-04-06 22:50:44.488977956,Hyderabad,Chennai,Road,316.2,122.4,37.8,983.32,304.78,3.4,On Time,5.0
SHP10268,2026-04-07 07:30:10.821643286,Bengaluru,Kolkata,Rail,900.7,213.0,88.1,2233.94,801.15,9.0,Delayed,4.11
SHP10269,2026-04-07 16:09:37.154308617,Delhi,Chennai,Air,1020.0,140.7,30.7,5163.24,831.99,1.6,On Time,5.0
SHP10270,2026-04-08 00:49:03.486973948,Bengaluru,Mumbai,Road,584.2,31.3,43.0,1542.88,603.55,4.7,Delayed,4.1
SHP10271,2026-04-08 09:28:29.819639278,Chennai,Delhi,Road,302.7,72.5,19.0,731.56,262.31,1.3,On Time,4.96
SHP10272,2026-04-08 18:07:56.152304609,Mumbai,Delhi,Road,365.2,110.3,31.0,1214.51,325.81,0.0,On Time,5.0
SHP10273,2026-04-09 02:47:22.484969940,Bengaluru,Bengaluru,Road,501.9,137.1,41.9,1627.54,370.47,8.3,Delayed,4.93
SHP10274,2026-04-09 11:26:48.817635270,Hyderabad,Kolkata,Air,201.0,83.2,4.0,1303.71,180.91,8.1,Delayed,4.08
SHP10275,2026-04-09 20:06:15.150300601,Mumbai,Bengaluru,Road,253.0,75.8,24.6,918.27,222.27,10.8,Delayed,3.69
SHP10276,2026-04-10 04:45:41.482965932,Mumbai,Chennai,Road,241.5,259.8,22.7,1511.73,174.86,11.4,Delayed,3.77
SHP10277,2026-04-10 13:25:07.815631262,Hyderabad,Bengaluru,Road,608.9,142.0,34.2,1778.17,410.27,10.8,Delayed,3.67
SHP10278,2026-04-10 22:04:34.148296593,Bengaluru,Mumbai,Road,850.9,122.7,57.9,2205.96,758.79,14.4,Delayed,4.32
SHP10279,2026-04-11 06:44:00.480961924,Hyderabad,Delhi,Rail,670.8,64.1,59.4,1375.42,640.91,9.9,Delayed,4.75
SHP10280,2026-04-11 15:23:26.813627254,Delhi,Chennai,Rail,773.9,42.9,84.1,1597.39,665.02,0.0,On Time,5.0
SHP10281,2026-04-12 00:02:53.146292585,Mumbai,Bengaluru,Road,288.5,124.0,29.2,1225.26,213.71,1.5,Delayed,5.0
SHP10282,2026-04-12 08:42:19.478957916,Pune,Kolkata,Road,374.6,151.6,22.2,1470.9,343.36,1.2,On Time,4.95
SHP10283,2026-04-12 17:21:45.811623246,Pune,Mumbai,Road,390.8,93.7,35.4,1245.61,266.54,14.0,Delayed,3.84
SHP10284,2026-04-13 02:01:12.144288577,Chennai,Mumbai,Air,582.9,142.2,8.9,3210.66,481.88,10.6,Delayed,4.04
SHP10285,2026-04-13 10:40:38.476953907,Hyderabad,Bengaluru,Rail,309.1,144.4,39.9,972.37,221.11,7.4,Delayed,4.3
SHP10286,2026-04-13 19:20:04.809619238,Hyderabad,Delhi,Road,747.5,157.8,53.9,2223.42,540.99,13.6,Delayed,3.37
SHP10287,2026-04-14 03:59:31.142284569,Chennai,Bengaluru,Road,1004.2,31.0,72.6,2540.71,734.02,8.5,Delayed,4.41
SHP10288,2026-04-14 12:38:57.474949899,Chennai,Chennai,Rail,599.5,73.9,65.6,1196.52,482.4,6.4,On Time,4.47
SHP10289,2026-04-14 21:18:23.807615230,Chennai,Bengaluru,Road,365.3,128.7,21.6,1428.3,244.94,6.6,On Time,4.74
SHP10290,2026-04-15 05:57:50.140280561,Mumbai,Mumbai,Air,274.4,97.1,4.0,1565.07,221.99,9.9,Delayed,4.24
SHP10291,2026-04-15 14:37:16.472945892,Delhi,Bengaluru,Road,241.8,144.7,18.3,1195.06,206.7,3.6,On Time,4.65
SHP10292,2026-04-15 23:16:42.805611222,Hyderabad,Delhi,Road,139.9,122.6,22.4,609.64,117.99,5.6,On Time,4.24
SHP10293,2026-04-16 07:56:09.138276552,Mumbai,Kolkata,Road,397.6,19.0,20.9,1032.07,319.35,9.4,Delayed,4.27
SHP10294,2026-04-16 16:35:35.470941884,Chennai,Pune,Road,384.9,181.1,12.8,1462.76,379.35,11.0,Delayed,4.38
SHP10295,2026-04-17 01:15:01.803607214,Hyderabad,Bengaluru,Road,722.0,67.9,51.2,1719.04,,0.5,On Time,4.56
SHP10296,2026-04-17 09:54:28.136272544,Mumbai,Delhi,Rail,320.6,51.3,36.0,758.83,273.24,3.6,On Time,4.74
SHP10297,2026-04-17 18:33:54.468937876,Delhi,Delhi,Road,410.4,177.5,42.8,1639.85,276.95,0.0,On Time,5.0
SHP10298,2026-04-18 03:13:20.801603206,Mumbai,Kolkata,Road,530.0,137.9,38.8,1584.16,359.6,0.0,On Time,4.75
SHP10299,2026-04-18 11:52:47.134268536,Delhi,Mumbai,Road,594.1,192.7,44.3,1895.6,522.5,6.1,On Time,4.31
SHP10300,2026-04-18 20:32:13.466933868,Chennai,Delhi,Road,676.4,111.1,59.8,1939.98,592.81,9.7,Delayed,4.3
SHP10301,2026-04-19 05:11:39.799599198,Delhi,Delhi,Road,500.8,73.3,26.2,1424.91,501.44,8.7,Delayed,3.91
SHP10302,2026-04-19 13:51:06.132264528,Hyderabad,Delhi,Road,207.2,103.1,16.8,893.54,180.93,0.0,On Time,5.0
SHP10303,2026-04-19 22:30:32.464929860,Chennai,Delhi,Rail,565.3,45.3,54.4,1272.04,584.48,1.5,On Time,4.56
SHP10304,2026-04-20 07:09:58.797595190,Hyderabad,Chennai,Road,307.6,35.3,28.7,804.81,205.95,0.0,On Time,5.0
SHP10305,2026-04-20 15:49:25.130260520,Pune,Chennai,Road,873.2,60.9,61.1,2355.97,601.83,21.1,Delayed,4.13
SHP10306,2026-04-21 00:28:51.462925852,Bengaluru,Mumbai,Road,457.5,228.0,38.5,1842.33,305.46,0.2,On Time,4.68
SHP10307,2026-04-21 09:08:17.795591182,Delhi,Bengaluru,Rail,517.8,65.2,31.8,1070.41,374.97,12.8,Delayed,4.16
SHP10308,2026-04-21 17:47:44.128256512,Bengaluru,Delhi,Air,1500.0,26.7,35.7,6837.15,1299.76,22.5,Delayed,2.95
SHP10309,2026-04-22 02:27:10.460921844,Bengaluru,Kolkata,Rail,683.0,84.8,66.8,1471.03,620.3,0.0,On Time,
SHP10310,2026-04-22 11:06:36.793587174,Delhi,Bengaluru,Road,559.6,64.6,36.3,1442.55,373.95,0.0,On Time,4.56
SHP10311,2026-04-22 19:46:03.126252504,Chennai,Kolkata,Road,417.3,183.1,35.3,1721.81,429.16,8.2,Delayed,4.51
SHP10312,2026-04-23 04:25:29.458917836,Pune,Bengaluru,Road,216.6,218.2,24.7,1318.13,213.77,2.1,On Time,4.52
SHP10313,2026-04-23 13:04:55.791583166,Hyderabad,Mumbai,Road,400.5,71.1,30.0,1039.49,307.84,5.9,On Time,4.45
SHP10314,2026-04-23 21:44:22.124248496,Mumbai,Delhi,Road,272.5,111.0,25.3,1015.72,185.51,0.9,On Time,4.56
SHP10315,2026-04-24 06:23:48.456913828,Hyderabad,Delhi,Road,1073.0,117.0,72.3,2892.19,770.38,0.0,On Time,5.0
SHP10316,2026-04-24 15:03:14.789579158,Mumbai,Pune,Road,563.8,91.0,42.3,1737.25,395.07,0.0,On Time,4.71
SHP10317,2026-04-24 23:42:41.122244488,Hyderabad,Kolkata,Road,855.5,80.6,67.9,2291.32,598.27,15.5,Delayed,3.95
SHP10318,2026-04-25 08:22:07.454909820,Delhi,Bengaluru,Rail,315.5,49.0,32.8,796.62,270.49,0.1,On Time,4.87
SHP10319,2026-04-25 17:01:33.787575150,Pune,Bengaluru,Road,283.6,23.9,19.6,731.33,212.24,2.9,On Time,4.73
SHP10320,2026-04-26 01:41:00.120240480,Mumbai,Chennai,Road,646.2,48.8,50.5,1681.63,512.63,11.5,Delayed,4.13
SHP10321,2026-04-26 10:20:26.452905812,Chennai,Pune,Rail,266.4,89.0,32.9,917.42,278.56,12.2,Delayed,3.76
SHP10322,2026-04-26 18:59:52.785571142,Hyderabad,Chennai,Road,349.9,32.7,14.1,794.01,323.21,3.3,On Time,4.81
SHP10323,2026-04-27 03:39:19.118236472,Hyderabad,Chennai,Rail,1101.7,107.4,107.9,2324.42,1134.31,3.0,On Time,5.0
SHP10324,2026-04-27 12:18:45.450901804,Mumbai,Chennai,Road,357.9,98.3,27.4,1071.23,253.03,9.0,Delayed,4.0
SHP10325,2026-04-27 20:58:11.783567134,Chennai,Kolkata,Road,192.4,64.7,21.0,703.24,154.51,0.0,On Time,5.0
SHP10326,2026-04-28 05:37:38.116232464,Chennai,Kolkata,Rail,157.1,78.4,26.8,671.47,136.95,5.6,On Time,5.0
SHP10327,2026-04-28 14:17:04.448897796,Delhi,Mumbai,Rail,180.4,36.8,10.3,371.71,122.8,7.9,On Time,4.09
SHP10328,2026-04-28 22:56:30.781563126,Delhi,Mumbai,Rail,883.7,156.0,76.7,1781.18,575.88,12.3,Delayed,3.5
SHP10329,2026-04-29 07:35:57.114228456,Delhi,Chennai,Road,326.7,154.4,26.3,1257.59,299.96,0.0,On Time,5.0
SHP10330,2026-04-29 16:15:23.446893788,Delhi,Pune,Road,1500.0,41.3,101.9,3712.05,1360.09,0.8,On Time,4.75
SHP10331,2026-04-30 00:54:49.779559118,Delhi,Bengaluru,Road,1010.7,42.2,86.0,2510.87,823.06,10.2,Delayed,4.84
SHP10332,2026-04-30 09:34:16.112224448,Delhi,Kolkata,Road,1250.0,49.3,84.3,3085.37,1057.33,13.5,Delayed,3.93
SHP10333,2026-04-30 18:13:42.444889780,Pune,Pune,Air,784.9,132.7,20.6,4035.62,640.61,7.4,On Time,4.13
SHP10334,2026-05-01 02:53:08.777555110,Chennai,Delhi,Road,627.4,116.7,49.9,1680.19,413.81,18.5,Delayed,3.12
SHP10335,2026-05-01 11:32:35.110220440,Delhi,Kolkata,Air,277.9,176.2,4.5,1939.65,217.92,0.5,On Time,5.0
SHP10336,2026-05-01 20:12:01.442885772,Chennai,Kolkata,Road,451.1,188.4,34.5,1591.97,325.19,4.2,On Time,4.46
SHP10337,2026-05-02 04:51:27.775551102,Chennai,Mumbai,Road,662.9,30.7,52.1,1811.35,456.96,15.4,Delayed,3.79
SHP10338,2026-05-02 13:30:54.108216432,Bengaluru,Bengaluru,Road,758.0,129.8,55.3,2301.15,782.78,7.9,On Time,4.71
SHP10339,2026-05-02 22:10:20.440881764,Pune,Bengaluru,Rail,227.9,183.8,25.2,984.42,202.75,12.9,Delayed,3.8
SHP10340,2026-05-03 06:49:46.773547094,Delhi,Delhi,Rail,404.1,75.1,35.9,916.74,380.45,6.0,Delayed,4.5
SHP10341,2026-05-03 15:29:13.106212424,Hyderabad,Delhi,Rail,431.0,92.6,31.5,1052.41,334.53,0.0,On Time,4.99
SHP10342,2026-05-04 00:08:39.438877756,Mumbai,Kolkata,Rail,421.4,83.7,43.4,994.94,340.16,0.0,On Time,5.0
SHP10343,2026-05-04 08:48:05.771543086,Hyderabad,Chennai,Rail,244.9,86.2,38.4,829.84,182.42,0.0,On Time,5.0
SHP10344,2026-05-04 17:27:32.104208416,Pune,Mumbai,Rail,1167.6,155.7,106.2,2526.44,804.22,16.4,Delayed,3.61
SHP10345,2026-05-05 02:06:58.436873748,Mumbai,Mumbai,Road,396.4,254.0,35.9,1708.85,286.06,14.6,Delayed,3.85
SHP10346,2026-05-05 10:46:24.769539078,Pune,Kolkata,Road,254.9,210.8,29.0,1522.93,246.97,21.0,Delayed,3.19
SHP10347,2026-05-05 19:25:51.102204408,Chennai,Pune,Road,1183.8,66.7,77.1,2987.66,1090.31,17.7,Delayed,3.07
SHP10348,2026-05-06 04:05:17.434869740,Mumbai,Chennai,Air,1011.3,111.3,41.6,5122.31,878.57,16.2,Delayed,3.8
SHP10349,2026-05-06 12:44:43.767535070,Chennai,Kolkata,Air,489.7,54.4,17.8,2379.22,411.33,0.0,On Time,5.0
SHP10350,2026-05-06 21:24:10.100200400,Hyderabad,Chennai,Road,344.0,58.3,39.7,1050.95,350.49,0.4,On Time,4.66
SHP10351,2026-05-07 06:03:36.432865732,Hyderabad,Chennai,Rail,173.1,89.9,14.8,636.34,117.57,10.0,Delayed,3.93
SHP10352,2026-05-07 14:43:02.765531062,Mumbai,Chennai,Air,601.4,57.2,31.9,2757.62,458.38,6.9,On Time,4.14
SHP10353,2026-05-07 23:22:29.098196392,Mumbai,Kolkata,Road,330.5,63.1,32.9,1174.87,261.07,8.3,Delayed,4.59
SHP10354,2026-05-08 08:01:55.430861724,Delhi,Mumbai,Road,444.9,109.6,39.8,1552.46,428.45,10.8,Delayed,4.29
SHP10355,2026-05-08 16:41:21.763527054,Pune,Mumbai,Air,1124.9,128.6,34.2,5659.58,1177.74,15.5,Delayed,3.7
SHP10356,2026-05-09 01:20:48.096192384,Delhi,Chennai,Road,316.9,126.5,25.6,1049.09,236.5,15.1,Delayed,3.47
SHP10357,2026-05-09 10:00:14.428857716,Pune,Pune,Rail,587.0,127.3,64.3,1530.83,586.8,13.1,Delayed,3.99
SHP10358,2026-05-09 18:39:40.761523046,Delhi,Bengaluru,Road,687.5,38.6,52.6,1755.1,675.33,10.0,Delayed,3.65
SHP10359,2026-05-10 03:19:07.094188376,Chennai,Kolkata,Air,868.4,55.3,11.8,4187.89,642.48,14.4,Delayed,3.9
SHP10360,2026-05-10 11:58:33.426853706,Mumbai,Bengaluru,Air,426.7,96.4,7.6,2312.05,345.5,7.6,On Time,4.7
SHP10361,2026-05-10 20:37:59.759519038,Hyderabad,Pune,Air,401.7,178.7,14.6,2518.18,326.97,0.8,Delayed,4.5
SHP10362,2026-05-11 05:17:26.092184368,Pune,Kolkata,Road,396.4,300.0,37.1,2132.04,412.79,9.7,Delayed,3.69
SHP10363,2026-05-11 13:56:52.424849698,Pune,Chennai,Rail,555.4,114.1,52.6,1396.33,401.19,0.0,On Time,5.0
SHP10364,2026-05-11 22:36:18.757515030,Hyderabad,Mumbai,Rail,987.4,146.6,99.0,2165.15,957.41,15.8,Delayed,3.52
SHP10365,2026-05-12 07:15:45.090180360,Delhi,Bengaluru,Road,386.2,35.7,17.3,1139.28,302.63,0.0,On Time,5.0
SHP10366,2026-05-12 15:55:11.422845690,Pune,Delhi,Rail,111.2,144.2,16.3,865.66,104.82,6.0,Delayed,4.47
SHP10367,2026-05-13 00:34:37.755511022,Chennai,Delhi,Road,730.9,285.7,45.0,2986.13,597.84,0.0,On Time,4.94
SHP10368,2026-05-13 09:14:04.088176352,Mumbai,Pune,Road,469.6,55.1,42.2,1164.68,413.88,8.3,Delayed,4.49
SHP10369,2026-05-13 17:53:30.420841682,Hyderabad,Chennai,Road,602.1,64.5,45.4,1661.58,591.91,8.6,Delayed,4.0
SHP10370,2026-05-14 02:32:56.753507014,Mumbai,Bengaluru,Road,176.5,158.7,21.0,760.21,171.47,0.0,On Time,5.0
SHP10371,2026-05-14 11:12:23.086172344,Pune,Chennai,Road,331.2,95.6,21.9,1167.75,330.07,9.2,Delayed,4.13
SHP10372,2026-05-14 19:51:49.418837674,Pune,Bengaluru,Rail,697.7,22.6,73.0,1193.6,470.15,0.0,On Time,4.54
SHP10373,2026-05-15 04:31:15.751503006,Hyderabad,Pune,Road,212.7,67.2,26.7,921.83,197.11,14.8,Delayed,3.93
SHP10374,2026-05-15 13:10:42.084168336,Chennai,Pune,Rail,586.2,217.7,61.1,1673.46,413.87,4.0,On Time,4.59
SHP10375,2026-05-15 21:50:08.416833666,Bengaluru,Delhi,Road,442.9,78.0,34.4,1116.28,361.51,7.6,On Time,4.34
SHP10376,2026-05-16 06:29:34.749498998,Hyderabad,Chennai,Road,292.5,77.9,29.1,899.59,254.27,0.1,On Time,4.57
SHP10377,2026-05-16 15:09:01.082164328,Bengaluru,Kolkata,Road,279.3,152.6,20.1,974.22,226.5,4.6,On Time,5.0
SHP10378,2026-05-16 23:48:27.414829658,Delhi,Delhi,Rail,246.2,116.7,32.5,911.96,211.19,0.8,On Time,5.0
SHP10379,2026-05-17 08:27:53.747494990,Bengaluru,Chennai,Road,468.2,75.2,48.6,1165.02,490.95,11.2,Delayed,4.44
SHP10380,2026-05-17 17:07:20.080160320,Chennai,Delhi,Road,499.6,61.7,46.5,1341.01,351.73,20.4,Delayed,3.26
SHP10381,2026-05-18 01:46:46.412825650,Delhi,Kolkata,Rail,364.9,300.0,33.9,1485.16,335.76,0.0,On Time,4.39
SHP10382,2026-05-18 10:26:12.745490982,Bengaluru,Mumbai,Road,237.8,196.1,25.3,1197.3,192.25,12.1,Delayed,4.72
SHP10383,2026-05-18 19:05:39.078156312,Delhi,Mumbai,Road,576.8,127.2,36.1,1905.23,405.6,0.0,On Time,4.98
SHP10384,2026-05-19 03:45:05.410821642,Bengaluru,Mumbai,Road,738.4,132.3,60.3,2160.36,526.82,0.0,On Time,4.74
SHP10385,2026-05-19 12:24:31.743486974,Chennai,Mumbai,Rail,636.3,86.5,62.8,1362.1,655.22,0.0,On Time,5.0
SHP10386,2026-05-19 21:03:58.076152304,Bengaluru,Bengaluru,Road,1278.8,115.8,80.0,3408.23,1281.15,6.8,On Time,4.87
SHP10387,2026-05-20 05:43:24.408817634,Bengaluru,Mumbai,Rail,406.7,80.6,31.7,1013.8,411.86,0.0,On Time,4.99
SHP10388,2026-05-20 14:22:50.741482966,Bengaluru,Kolkata,Road,933.2,51.8,66.7,2436.82,976.74,16.8,Delayed,4.1
SHP10389,2026-05-20 23:02:17.074148296,Hyderabad,Pune,Air,308.6,118.7,10.8,1685.03,226.33,2.5,On Time,5.0
SHP10390,2026-05-21 07:41:43.406813626,Hyderabad,Pune,Rail,281.2,76.2,20.6,808.63,222.72,6.7,On Time,4.09
SHP10391,2026-05-21 16:21:09.739478958,Hyderabad,Bengaluru,Air,484.7,122.6,19.9,2398.22,444.76,8.8,Delayed,4.06
SHP10392,2026-05-22 01:00:36.072144288,Chennai,Mumbai,Road,1050.7,137.1,79.5,2828.43,886.27,10.7,Delayed,4.48
SHP10393,2026-05-22 09:40:02.404809618,Delhi,Mumbai,Rail,381.5,126.6,36.9,1052.79,311.81,8.6,Delayed,3.36
SHP10394,2026-05-22 18:19:28.737474950,Pune,Mumbai,Road,176.4,48.9,11.4,636.41,139.91,3.9,On Time,4.63
SHP10395,2026-05-23 02:58:55.070140280,Bengaluru,Delhi,Road,730.5,70.9,62.3,1938.21,648.33,0.0,On Time,4.5
SHP10396,2026-05-23 11:38:21.402805610,Bengaluru,Chennai,Road,432.2,77.1,46.2,1127.01,380.46,13.7,Delayed,3.74
SHP10397,2026-05-23 20:17:47.735470942,Chennai,Delhi,Rail,534.8,169.4,48.6,1398.29,382.15,0.0,On Time,4.9
SHP10398,2026-05-24 04:57:14.068136272,Bengaluru,Chennai,Air,289.4,164.1,8.7,1923.49,242.72,0.0,On Time,4.87
SHP10399,2026-05-24 13:36:40.400801602,Hyderabad,Mumbai,Rail,482.1,57.5,49.5,1034.55,420.09,2.8,On Time,4.59
SHP10400,2026-05-24 22:16:06.733466934,Pune,Mumbai,Road,190.1,38.0,15.0,513.64,166.97,0.0,On Time,4.62
SHP10401,2026-05-25 06:55:33.066132264,Mumbai,Delhi,Road,1177.8,300.0,87.5,3660.08,864.55,3.9,On Time,5.0
SHP10402,2026-05-25 15:34:59.398797594,Bengaluru,Delhi,Rail,807.3,123.5,79.9,1932.06,764.45,16.6,Delayed,4.32
SHP10403,2026-05-26 00:14:25.731462926,Hyderabad,Chennai,Road,469.8,34.6,23.3,1117.48,310.13,7.3,On Time,4.01
SHP10404,2026-05-26 08:53:52.064128256,Mumbai,Pune,Road,719.2,63.8,63.3,1852.33,569.54,0.0,On Time,5.0
SHP10405,2026-05-26 17:33:18.396793586,Pune,Chennai,Road,309.1,173.7,27.9,1547.35,297.37,4.6,On Time,4.5
SHP10406,2026-05-27 02:12:44.729458918,Mumbai,Delhi,Road,787.2,298.9,58.8,2719.62,689.27,16.0,Delayed,3.76
SHP10407,2026-05-27 10:52:11.062124248,Hyderabad,Kolkata,Road,371.9,269.5,32.2,1600.22,280.6,12.4,Delayed,3.99
SHP10408,2026-05-27 19:31:37.394789578,Delhi,Delhi,Road,357.0,120.3,29.7,1329.42,331.31,19.7,Delayed,3.19
SHP10409,2026-05-28 04:11:03.727454910,Delhi,Kolkata,Road,255.5,94.2,10.6,851.38,224.1,16.7,Delayed,4.01
SHP10410,2026-05-28 12:50:30.060120240,Mumbai,Bengaluru,Road,572.7,45.8,54.3,1468.12,554.69,13.7,Delayed,3.95
SHP10411,2026-05-28 21:29:56.392785570,Chennai,Delhi,Air,458.3,99.4,16.5,2391.84,432.64,0.0,On Time,4.83
SHP10412,2026-05-29 06:09:22.725450902,Mumbai,Bengaluru,Road,950.2,50.1,72.9,2347.01,849.48,24.8,Delayed,2.56
SHP10413,2026-05-29 14:48:49.058116232,Bengaluru,Pune,Road,239.2,71.3,28.0,958.77,202.23,6.8,On Time,4.14
SHP10414,2026-05-29 23:28:15.390781562,Bengaluru,Chennai,Rail,574.2,158.6,48.1,1603.52,403.82,0.1,On Time,4.41
SHP10415,2026-05-30 08:07:41.723446894,Delhi,Kolkata,Road,851.6,80.4,66.7,2295.69,642.57,14.4,Delayed,3.85
SHP10416,2026-05-30 16:47:08.056112224,Chennai,Chennai,Air,504.6,76.9,15.2,2441.68,412.58,10.6,Delayed,3.73
SHP10417,2026-05-31 01:26:34.388777554,Hyderabad,Bengaluru,Rail,367.9,91.0,42.6,847.54,327.32,7.5,On Time,4.31
SHP10418,2026-05-31 10:06:00.721442886,Bengaluru,Kolkata,Road,497.3,300.0,27.0,1909.63,425.45,0.1,On Time,5.0
SHP10419,2026-05-31 18:45:27.054108216,Delhi,Chennai,Road,907.7,42.5,66.1,2126.4,694.66,24.3,Delayed,3.48
SHP10420,2026-06-01 03:24:53.386773546,Pune,Delhi,Rail,907.5,112.5,79.0,2003.38,592.23,1.9,On Time,4.84
SHP10421,2026-06-01 12:04:19.719438878,Delhi,Mumbai,Air,422.3,255.1,20.3,2885.91,358.3,5.5,On Time,4.53
SHP10422,2026-06-01 20:43:46.052104208,Bengaluru,Bengaluru,Road,898.7,90.8,70.0,2333.28,686.81,11.0,Delayed,4.77
SHP10423,2026-06-02 05:23:12.384769538,Bengaluru,Chennai,Road,446.1,193.9,32.1,1716.08,421.06,5.0,On Time,4.78
SHP10424,2026-06-02 14:02:38.717434870,Delhi,Bengaluru,Road,714.7,36.2,48.5,1652.14,471.39,10.9,Delayed,4.01
SHP10425,2026-06-02 22:42:05.050100200,Hyderabad,Bengaluru,Air,612.2,82.1,18.9,3129.64,541.12,0.0,On Time,4.5
SHP10426,2026-06-03 07:21:31.382765530,Mumbai,Kolkata,Road,359.6,53.8,23.1,1113.15,369.12,22.0,Delayed,3.38
SHP10427,2026-06-03 16:00:57.715430862,Bengaluru,Kolkata,Air,260.7,90.2,17.3,1340.74,187.66,0.0,On Time,5.0
SHP10428,2026-06-04 00:40:24.048096192,Delhi,Mumbai,Road,864.2,91.4,61.8,2331.94,724.78,9.0,Delayed,4.06
SHP10429,2026-06-04 09:19:50.380761522,Delhi,Delhi,Road,1000.9,97.6,53.5,2677.13,687.16,22.4,Delayed,3.31
SHP10430,2026-06-04 17:59:16.713426854,Chennai,Bengaluru,Road,566.6,157.7,42.2,1822.09,510.06,10.8,Delayed,4.01
SHP10431,2026-06-05 02:38:43.046092184,Mumbai,Chennai,Road,445.8,17.7,27.5,1159.51,387.92,7.4,On Time,4.34
SHP10432,2026-06-05 11:18:09.378757514,Pune,Pune,Road,222.7,61.9,8.6,1007.07,181.05,5.1,On Time,3.72
SHP10433,2026-06-05 19:57:35.711422846,Hyderabad,Bengaluru,Road,851.7,107.7,55.1,2325.83,731.26,20.3,Delayed,3.3
SHP10434,2026-06-06 04:37:02.044088176,Pune,Bengaluru,Road,530.2,23.4,41.4,1368.82,534.8,4.0,On Time,5.0
SHP10435,2026-06-06 13:16:28.376753506,Mumbai,Mumbai,Rail,388.9,138.2,48.4,1068.98,283.35,13.8,Delayed,3.68
SHP10436,2026-06-06 21:55:54.709418838,Mumbai,Delhi,Road,726.1,61.2,56.7,1851.84,478.51,11.3,Delayed,4.11
SHP10437,2026-06-07 06:35:21.042084168,Mumbai,Pune,Road,201.1,83.2,14.6,809.28,200.02,14.9,Delayed,3.54
SHP10438,2026-06-07 15:14:47.374749498,Pune,Kolkata,Air,248.5,162.1,15.2,1732.22,218.93,0.0,On Time,5.0
SHP10439,2026-06-07 23:54:13.707414830,Mumbai,Kolkata,Rail,302.7,199.3,29.2,1138.11,304.64,3.4,On Time,4.65
SHP10440,2026-06-08 08:33:40.040080160,Delhi,Chennai,Air,601.5,140.8,15.3,3286.66,534.56,1.9,On Time,4.52
SHP10441,2026-06-08 17:13:06.372745490,Pune,Pune,Air,500.4,41.7,8.5,2614.53,487.45,0.0,On Time,5.0
SHP10442,2026-06-09 01:52:32.705410822,Mumbai,Kolkata,Road,641.6,136.5,37.4,1990.22,527.31,7.1,On Time,4.76
SHP10443,2026-06-09 10:31:59.038076152,Delhi,Chennai,Road,819.4,142.2,59.2,2504.92,778.36,7.2,On Time,4.22
SHP10444,2026-06-09 19:11:25.370741482,Chennai,Delhi,Rail,654.6,125.4,62.8,1590.29,664.55,8.6,Delayed,4.49
SHP10445,2026-06-10 03:50:51.703406814,Mumbai,Chennai,Rail,1192.0,219.1,108.2,2924.84,1047.59,1.1,On Time,5.0
SHP10446,2026-06-10 12:30:18.036072144,Pune,Kolkata,Road,818.3,99.3,58.4,2218.82,591.07,25.3,Delayed,3.2
SHP10447,2026-06-10 21:09:44.368737474,Bengaluru,Mumbai,Rail,421.7,214.0,36.2,1372.92,319.45,0.0,On Time,4.41
SHP10448,2026-06-11 05:49:10.701402806,Mumbai,Mumbai,Road,330.0,213.2,33.5,1522.19,240.69,7.7,On Time,4.74
SHP10449,2026-06-11 14:28:37.034068136,Bengaluru,Mumbai,Road,429.1,144.6,26.0,1377.59,321.26,11.2,Delayed,3.9
SHP10450,2026-06-11 23:08:03.366733466,Delhi,Kolkata,Road,667.4,113.6,56.6,1849.61,515.64,1.6,On Time,4.75
SHP10451,2026-06-12 07:47:29.699398798,Chennai,Mumbai,Road,350.3,125.8,22.6,1266.82,305.49,13.8,Delayed,4.82
SHP10452,2026-06-12 16:26:56.032064128,Hyderabad,Pune,Road,677.8,247.9,48.3,2462.82,599.99,0.0,On Time,5.0
SHP10453,2026-06-13 01:06:22.364729458,Chennai,Delhi,Road,635.0,178.6,39.5,1958.66,521.11,14.2,Delayed,3.73
SHP10454,2026-06-13 09:45:48.697394790,Mumbai,Chennai,Rail,258.6,45.2,23.2,717.06,231.79,4.1,On Time,3.9
SHP10455,2026-06-13 18:25:15.030060120,Bengaluru,Chennai,Road,809.7,120.9,67.9,2293.3,552.74,5.5,On Time,5.0
SHP10456,2026-06-14 03:04:41.362725450,Bengaluru,Kolkata,Road,555.4,51.9,46.3,1355.15,380.49,2.6,Delayed,4.32
SHP10457,2026-06-14 11:44:07.695390782,Pune,Mumbai,Rail,1159.2,59.9,111.0,2016.91,833.15,18.3,Delayed,3.18
SHP10458,2026-06-14 20:23:34.028056112,Bengaluru,Mumbai,Air,447.0,73.2,19.3,2297.97,383.18,0.0,On Time,4.88
SHP10459,2026-06-15 05:03:00.360721442,Pune,Bengaluru,Rail,378.9,33.8,29.2,717.03,278.74,0.0,On Time,5.0
SHP10460,2026-06-15 13:42:26.693386774,Delhi,Delhi,Rail,240.5,49.6,22.9,595.67,183.6,2.4,Delayed,5.0
SHP10461,2026-06-15 22:21:53.026052104,Hyderabad,Pune,Rail,238.5,226.3,21.8,1166.76,193.18,0.0,On Time,4.94
SHP10462,2026-06-16 07:01:19.358717434,Mumbai,Chennai,Road,756.1,59.7,65.9,1778.29,736.98,19.3,Delayed,3.56
SHP10463,2026-06-16 15:40:45.691382764,Pune,Bengaluru,Road,1093.4,158.3,72.6,2952.79,716.79,11.5,Delayed,3.87
SHP10464,2026-06-17 00:20:12.024048096,Hyderabad,Bengaluru,Road,425.6,105.0,40.8,1323.75,387.21,14.7,Delayed,3.88
SHP10465,2026-06-17 08:59:38.356713426,Bengaluru,Kolkata,Road,410.0,132.8,40.0,1479.88,376.2,6.5,On Time,4.5
SHP10466,2026-06-17 17:39:04.689378756,Bengaluru,Chennai,Road,470.4,136.3,50.8,1507.8,456.06,1.2,On Time,5.0
SHP10467,2026-06-18 02:18:31.022044088,Hyderabad,Kolkata,Rail,840.9,48.1,73.8,1848.43,860.35,15.4,Delayed,4.11
SHP10468,2026-06-18 10:57:57.354709418,Bengaluru,Pune,Road,259.9,157.7,28.8,940.46,171.05,10.6,Delayed,4.33
SHP10469,2026-06-18 19:37:23.687374748,Delhi,Bengaluru,Road,517.2,38.7,55.9,1429.75,367.96,6.1,On Time,4.39
SHP10470,2026-06-19 04:16:50.020040080,Delhi,Bengaluru,Road,765.7,58.0,52.9,1981.29,769.13,14.4,Delayed,4.11
SHP10471,2026-06-19 12:56:16.352705410,Hyderabad,Delhi,Rail,597.3,135.1,46.1,1593.2,497.81,11.2,Delayed,4.08
SHP10472,2026-06-19 21:35:42.685370740,Pune,Pune,Road,100.0,46.0,4.0,399.63,87.58,10.9,Delayed,3.75
SHP10473,2026-06-20 06:15:09.018036072,Pune,Bengaluru,Rail,656.4,21.9,65.5,1346.1,600.77,0.8,Delayed,4.8
SHP10474,2026-06-20 14:54:35.350701402,Hyderabad,Pune,Road,600.6,117.4,33.5,1767.0,553.51,1.0,On Time,4.95
SHP10475,2026-06-20 23:34:01.683366732,Pune,Chennai,Road,932.7,29.8,65.7,2193.84,953.86,7.1,On Time,4.75
SHP10476,2026-06-21 08:13:28.016032064,Pune,Mumbai,Road,1044.6,143.1,80.5,3115.4,1095.56,15.1,Delayed,3.73
SHP10477,2026-06-21 16:52:54.348697394,Delhi,Bengaluru,Rail,906.5,76.8,84.0,1860.38,850.39,9.8,Delayed,3.79
SHP10478,2026-06-22 01:32:20.681362724,Pune,Delhi,Road,471.9,116.3,40.8,1499.36,360.92,0.0,On Time,5.0
SHP10479,2026-06-22 10:11:47.014028056,Chennai,Chennai,Rail,172.4,115.0,21.8,834.56,,3.9,On Time,4.72
SHP10480,2026-06-22 18:51:13.346693386,Mumbai,Pune,Road,408.3,149.6,42.8,1332.91,273.45,9.9,Delayed,4.27
SHP10481,2026-06-23 03:30:39.679358716,Bengaluru,Kolkata,Road,463.4,137.6,30.8,1588.23,344.04,6.6,Delayed,4.79
SHP10482,2026-06-23 12:10:06.012024048,Chennai,Chennai,Rail,1085.6,45.7,92.9,2047.64,1095.32,20.8,Delayed,3.69
SHP10483,2026-06-23 20:49:32.344689378,Pune,Bengaluru,Rail,291.1,79.9,24.5,762.09,219.01,7.0,On Time,4.24
SHP10484,2026-06-24 05:28:58.677354708,Delhi,Pune,Rail,204.3,116.2,28.8,761.07,150.83,13.2,Delayed,3.73
SHP10485,2026-06-24 14:08:25.010020040,Hyderabad,Mumbai,Rail,351.6,216.3,43.1,1200.17,247.97,2.5,On Time,4.44
SHP10486,2026-06-24 22:47:51.342685370,Pune,Chennai,Rail,300.1,138.3,34.6,942.75,298.15,10.6,Delayed,4.4
SHP10487,2026-06-25 07:27:17.675350700,Delhi,Bengaluru,Rail,193.9,205.1,31.5,1189.64,164.78,15.4,Delayed,4.27
SHP10488,2026-06-25 16:06:44.008016032,Mumbai,Delhi,Rail,430.9,120.1,34.2,1268.21,396.42,13.2,Delayed,3.84
SHP10489,2026-06-26 00:46:10.340681362,Pune,Kolkata,Rail,473.7,180.5,58.5,1431.35,353.24,0.0,On Time,4.92
SHP10490,2026-06-26 09:25:36.673346692,Hyderabad,Pune,Rail,187.9,110.3,32.2,743.63,179.15,2.2,Delayed,
SHP10491,2026-06-26 18:05:03.006012024,Delhi,Chennai,Road,377.6,176.0,37.2,1467.93,360.22,2.7,On Time,4.96
SHP10492,2026-06-27 02:44:29.338677354,Delhi,Chennai,Rail,289.3,74.2,42.2,890.47,224.25,7.4,On Time,4.56
SHP10493,2026-06-27 11:23:55.671342684,Delhi,Mumbai,Road,482.6,231.4,28.4,1892.69,392.94,13.3,Delayed,3.52
SHP10494,2026-06-27 20:03:22.004008016,Mumbai,Mumbai,Rail,509.9,128.6,45.6,1338.69,374.23,0.0,On Time,5.0
SHP10495,2026-06-28 04:42:48.336673346,Pune,Delhi,Rail,289.4,34.0,24.1,755.68,301.13,4.5,On Time,4.32
SHP10496,2026-06-28 13:22:14.669338676,Mumbai,Kolkata,Road,805.7,118.7,65.8,2205.16,731.75,3.1,On Time,4.35
SHP10497,2026-06-28 22:01:41.002004008,Bengaluru,Delhi,Rail,457.5,138.6,37.6,1463.88,468.44,14.1,Delayed,3.75
SHP10498,2026-06-29 06:41:07.334669338,Bengaluru,Bengaluru,Road,297.1,161.0,31.7,1085.07,229.21,1.8,Delayed,4.65
SHP10499,2026-06-29 15:20:33.667334668,Pune,Bengaluru,Road,181.7,280.5,29.6,1569.44,174.93,8.9,Delayed,4.21
SHP10500,2026-06-30 00:00:00.000000000,Mumbai,Delhi,Rail,525.5,66.6,54.7,1128.38,502.55,1.8,On Time,4.35
